customer_id,customer_name,gender,age,state,region,customer_segment,created_date
C00001,Oliver Lopez,Female,76,NC,South,Individual,2025-04-13
C00002,Sophia Lopez,Female,30,CA,West,Enterprise,2024-10-01
C00003,Leo Smith,Other,40,TX,South,Enterprise,2024-10-24
C00004,Levi Jones,Male,21,NY,Northeast,Enterprise,2025-02-19
C00005,Elijah Anderson,Female,77,NY,Northeast,Small Business,2025-04-07
C00006,Ethan Gonzalez,Female,67,TX,South,Enterprise,2023-03-05
C00007,Luna Martinez,Male,72,OH,Midwest,Family,2024-08-19
C00008,Oliver Lopez,Male,76,IL,Midwest,Small Business,2021-11-27
C00009,Luna Wilson,Other,36,AZ,West,Enterprise,2023-01-07
C00010,Amelia Wilson,Male,71,CA,West,Small Business,2021-09-21
C00011,Luna Gonzalez,Female,24,OH,Midwest,Individual,2021-02-13
C00012,Elijah Miller,Female,43,NC,South,Small Business,2022-06-15
C00013,Mia Hernandez,Other,67,GA,South,Family,2022-12-05
C00014,Amelia Miller,Female,74,NY,Northeast,Small Business,2021-04-12
C00015,Mateo Smith,Other,38,TX,South,Enterprise,2022-05-25
C00016,Amelia Gonzalez,Other,27,IL,Midwest,Small Business,2024-04-27
C00017,Noah Garcia,Other,76,NC,South,Small Business,2025-03-19
C00018,James Martinez,Female,22,IL,Midwest,Individual,2023-08-25
C00019,Evelyn Brown,Other,76,AZ,West,Individual,2022-10-21
C00020,James Williams,Female,58,IL,Midwest,Individual,2024-12-12
C00021,Liam Garcia,Female,56,OH,Midwest,Small Business,2024-04-11
C00022,James Martinez,Male,62,AZ,West,Small Business,2021-04-04
C00023,Noah Wilson,Male,25,NC,South,Family,2023-01-28
C00024,Harper Martinez,Female,53,GA,South,Family,2024-04-22
C00025,Isabella Miller,Male,56,NC,South,Small Business,2021-06-20
C00026,Harper Rodriguez,Female,30,AZ,West,Enterprise,2021-09-09
C00027,Levi Lopez,Female,66,OH,Midwest,Individual,2023-05-23
C00028,Oliver Jones,Male,30,GA,South,Family,2024-05-19
C00029,James Garcia,Male,78,IL,Midwest,Small Business,2021-10-13
C00030,Sophia Garcia,Female,45,AZ,West,Individual,2022-03-12
C00031,Oliver Smith,Male,60,TX,South,Individual,2025-06-13
C00032,Noah Gonzalez,Female,60,OH,Midwest,Individual,2023-09-23
C00033,Emma Gonzalez,Male,44,NC,South,Family,2022-08-26
C00034,Isabella Martinez,Male,48,IL,Midwest,Individual,2024-05-26
C00035,Emma Anderson,Other,61,CA,West,Enterprise,2022-08-03
C00036,Ethan Gonzalez,Other,68,OH,Midwest,Family,2022-03-14
C00037,Harper Anderson,Other,26,FL,South,Small Business,2024-05-12
C00038,Amelia Gonzalez,Female,22,FL,South,Enterprise,2021-03-23
C00039,Levi Johnson,Female,56,AZ,West,Individual,2021-12-27
C00040,Mia Martinez,Female,48,FL,South,Family,2021-07-10
C00041,Lucas Martinez,Other,46,OH,Midwest,Family,2024-11-03
C00042,James Davis,Male,77,FL,South,Small Business,2023-04-07
C00043,Amelia Brown,Female,23,NC,South,Enterprise,2025-04-27
C00044,Luna Johnson,Female,22,TX,South,Family,2022-05-02
C00045,Harper Smith,Female,36,IL,Midwest,Family,2023-08-15
C00046,Emma Hernandez,Male,44,GA,South,Individual,2022-07-21
C00047,Emma Garcia,Female,41,AZ,West,Family,2022-03-04
C00048,Mia Brown,Other,76,NY,Northeast,Individual,2022-12-23
C00049,Isabella Williams,Male,29,OH,Midwest,Individual,2021-07-14
C00050,Olivia Rodriguez,Other,34,AZ,West,Individual,2023-04-11
C00051,Amelia Hernandez,Male,65,GA,South,Family,2022-08-19
C00052,Emma Brown,Male,22,IL,Midwest,Family,2023-05-04
C00053,Sophia Johnson,Other,42,NC,South,Family,2022-09-11
C00054,Harper Wilson,Female,63,CA,West,Family,2024-02-10
C00055,Ethan Hernandez,Male,65,IL,Midwest,Enterprise,2021-03-22
C00056,Mateo Williams,Female,37,NC,South,Small Business,2022-02-27
C00057,Ethan Smith,Male,52,CA,West,Individual,2022-08-26
C00058,Leo Lopez,Female,33,OH,Midwest,Enterprise,2024-09-25
C00059,Mateo Gonzalez,Other,34,AZ,West,Small Business,2022-05-24
C00060,Mateo Gonzalez,Male,37,AZ,West,Enterprise,2025-01-25
C00061,Ava Hernandez,Female,74,GA,South,Family,2022-07-12
C00062,Noah Wilson,Female,42,PA,Northeast,Individual,2024-12-31
C00063,Liam Gonzalez,Male,69,PA,Northeast,Enterprise,2025-02-28
C00064,Leo Gonzalez,Other,37,GA,South,Enterprise,2025-03-08
C00065,Isabella Hernandez,Male,49,OH,Midwest,Enterprise,2022-10-03
C00066,Noah Rodriguez,Other,24,FL,South,Individual,2021-04-04
C00067,Leo Williams,Other,36,FL,South,Individual,2022-12-30
C00068,Amelia Garcia,Male,73,OH,Midwest,Individual,2023-01-19
C00069,Leo Brown,Other,54,NC,South,Enterprise,2023-10-18
C00070,James Davis,Other,44,NC,South,Small Business,2025-04-24
C00071,Harper Johnson,Female,62,FL,South,Family,2021-07-19
C00072,Sophia Anderson,Male,69,CA,West,Individual,2021-06-17
C00073,Levi Gonzalez,Female,75,NC,South,Family,2025-01-08
C00074,James Brown,Other,52,NC,South,Enterprise,2023-11-24
C00075,Oliver Anderson,Other,25,OH,Midwest,Individual,2021-02-14
C00076,Luna Smith,Other,55,NY,Northeast,Small Business,2023-03-29
C00077,Ava Brown,Other,64,NC,South,Family,2022-05-30
C00078,Sophia Lopez,Other,30,TX,South,Individual,2025-02-28
C00079,James Smith,Female,41,PA,Northeast,Small Business,2023-04-02
C00080,James Gonzalez,Female,36,OH,Midwest,Small Business,2021-07-22
C00081,Olivia Smith,Male,34,PA,Northeast,Individual,2024-03-26
C00082,Oliver Davis,Other,58,OH,Midwest,Individual,2023-02-02
C00083,Ethan Williams,Male,78,AZ,West,Family,2021-08-14
C00084,Liam Garcia,Female,66,IL,Midwest,Small Business,2022-03-14
C00085,Oliver Gonzalez,Male,64,NY,Northeast,Family,2024-04-22
C00086,Mateo Rodriguez,Female,53,NC,South,Small Business,2023-07-24
C00087,Evelyn Johnson,Other,78,GA,South,Individual,2025-03-07
C00088,Evelyn Jones,Other,59,NC,South,Enterprise,2021-03-23
C00089,Levi Davis,Other,71,OH,Midwest,Enterprise,2025-04-03
C00090,Sophia Davis,Female,50,OH,Midwest,Small Business,2024-01-19
C00091,Leo Brown,Other,29,NC,South,Individual,2023-02-23
C00092,Ethan Garcia,Female,33,FL,South,Small Business,2021-09-21
C00093,Elijah Martinez,Female,42,IL,Midwest,Small Business,2023-12-30
C00094,Ava Garcia,Female,44,NC,South,Enterprise,2022-05-23
C00095,Oliver Martinez,Other,46,FL,South,Family,2024-08-31
C00096,Oliver Martinez,Male,21,IL,Midwest,Individual,2021-09-21
C00097,Sophia Martinez,Male,53,PA,Northeast,Individual,2022-12-27
C00098,Harper Martinez,Other,25,NC,South,Family,2024-11-20
C00099,Emma Wilson,Male,55,TX,South,Family,2023-10-21
C00100,Harper Martinez,Male,58,AZ,West,Family,2022-01-16
C00101,Amelia Lopez,Female,72,NC,South,Family,2025-06-03
C00102,Mia Wilson,Male,21,OH,Midwest,Small Business,2023-10-12
C00103,Isabella Miller,Male,26,TX,South,Enterprise,2024-01-29
C00104,Olivia Garcia,Male,66,CA,West,Family,2022-09-29
C00105,Noah Williams,Female,33,OH,Midwest,Family,2022-04-09
C00106,Lucas Hernandez,Male,50,FL,South,Small Business,2023-01-11
C00107,Emma Wilson,Male,66,NY,Northeast,Family,2024-10-31
C00108,Olivia Jones,Other,42,GA,South,Family,2024-06-26
C00109,Amelia Gonzalez,Other,33,OH,Midwest,Family,2023-10-13
C00110,Emma Garcia,Other,56,FL,South,Individual,2021-06-08
C00111,Liam Anderson,Other,48,GA,South,Family,2022-12-29
C00112,Liam Johnson,Female,54,FL,South,Enterprise,2023-09-05
C00113,Noah Gonzalez,Male,66,OH,Midwest,Small Business,2021-12-30
C00114,Olivia Wilson,Male,27,TX,South,Small Business,2022-03-12
C00115,Liam Lopez,Female,43,IL,Midwest,Enterprise,2022-10-25
C00116,Olivia Lopez,Female,52,OH,Midwest,Family,2024-11-30
C00117,Noah Garcia,Male,74,IL,Midwest,Individual,2024-04-30
C00118,Leo Williams,Other,37,FL,South,Individual,2025-02-02
C00119,Mia Johnson,Other,53,CA,West,Small Business,2025-05-18
C00120,Liam Gonzalez,Other,53,FL,South,Enterprise,2025-02-09
C00121,Noah Hernandez,Female,73,IL,Midwest,Individual,2024-07-31
C00122,Lucas Miller,Other,69,NC,South,Enterprise,2021-12-06
C00123,Isabella Williams,Female,76,TX,South,Enterprise,2024-02-02
C00124,Mia Anderson,Male,42,AZ,West,Small Business,2024-11-20
C00125,Liam Wilson,Female,76,NY,Northeast,Individual,2022-10-09
C00126,Leo Wilson,Male,24,CA,West,Family,2023-12-06
C00127,Lucas Williams,Female,37,NC,South,Individual,2024-01-10
C00128,Emma Williams,Other,60,NC,South,Small Business,2021-04-01
C00129,Olivia Jones,Male,51,AZ,West,Individual,2024-10-01
C00130,Levi Williams,Other,33,NY,Northeast,Small Business,2021-04-02
C00131,Olivia Jones,Other,59,OH,Midwest,Individual,2023-01-04
C00132,Ethan Martinez,Male,72,TX,South,Individual,2023-04-04
C00133,Mia Anderson,Other,50,AZ,West,Family,2022-08-11
C00134,Leo Rodriguez,Other,66,PA,Northeast,Small Business,2025-05-16
C00135,Ava Anderson,Other,68,IL,Midwest,Enterprise,2025-01-19
C00136,Amelia Johnson,Male,37,IL,Midwest,Enterprise,2024-01-20
C00137,Elijah Anderson,Other,76,OH,Midwest,Enterprise,2023-07-19
C00138,Isabella Smith,Female,53,GA,South,Individual,2025-03-23
C00139,Evelyn Miller,Other,31,NC,South,Individual,2025-01-17
C00140,Emma Miller,Female,63,IL,Midwest,Individual,2025-03-16
C00141,Emma Rodriguez,Female,56,OH,Midwest,Individual,2022-06-05
C00142,Noah Davis,Other,47,IL,Midwest,Family,2021-08-13
C00143,Liam Rodriguez,Female,46,OH,Midwest,Individual,2022-02-03
C00144,James Garcia,Other,37,PA,Northeast,Small Business,2024-02-25
C00145,Levi Williams,Female,69,TX,South,Family,2024-11-06
C00146,Emma Davis,Other,56,FL,South,Small Business,2021-11-18
C00147,Mia Martinez,Female,46,GA,South,Individual,2024-09-22
C00148,Levi Martinez,Male,35,GA,South,Small Business,2024-09-26
C00149,Mateo Smith,Male,25,NY,Northeast,Family,2023-10-07
C00150,Emma Gonzalez,Male,30,AZ,West,Family,2023-11-05
C00151,Ava Wilson,Other,45,NC,South,Individual,2022-08-01
C00152,Leo Jones,Other,75,PA,Northeast,Individual,2022-06-29
C00153,Lucas Garcia,Other,74,AZ,West,Small Business,2024-01-15
C00154,James Hernandez,Male,56,AZ,West,Individual,2022-09-02
C00155,Ethan Wilson,Female,28,AZ,West,Small Business,2024-05-18
C00156,Noah Davis,Female,43,PA,Northeast,Enterprise,2024-09-11
C00157,Amelia Martinez,Male,34,PA,Northeast,Individual,2024-12-12
C00158,Ethan Anderson,Female,72,AZ,West,Enterprise,2023-03-24
C00159,Noah Johnson,Male,67,GA,South,Individual,2021-05-02
C00160,Sophia Anderson,Male,49,GA,South,Small Business,2024-02-21
C00161,Liam Anderson,Other,36,IL,Midwest,Small Business,2024-10-29
C00162,Isabella Williams,Male,73,IL,Midwest,Family,2024-06-05
C00163,Oliver Williams,Female,46,AZ,West,Enterprise,2023-08-11
C00164,Ava Smith,Other,71,GA,South,Family,2025-06-11
C00165,Amelia Garcia,Female,24,PA,Northeast,Individual,2022-02-18
C00166,Evelyn Wilson,Male,40,TX,South,Family,2021-01-03
C00167,Leo Jones,Male,65,CA,West,Small Business,2021-05-11
C00168,Harper Smith,Other,77,AZ,West,Small Business,2023-01-30
C00169,James Garcia,Female,23,NC,South,Family,2024-10-02
C00170,Ethan Smith,Female,22,AZ,West,Individual,2023-11-17
C00171,Mia Williams,Male,22,FL,South,Enterprise,2024-09-20
C00172,Mateo Martinez,Female,65,GA,South,Family,2023-05-23
C00173,Mia Garcia,Other,66,PA,Northeast,Individual,2022-11-05
C00174,Sophia Johnson,Other,76,PA,Northeast,Enterprise,2025-06-09
C00175,Levi Gonzalez,Male,60,IL,Midwest,Family,2024-11-30
C00176,Lucas Wilson,Female,21,NC,South,Individual,2023-10-29
C00177,James Anderson,Female,64,PA,Northeast,Family,2023-06-20
C00178,James Martinez,Other,57,AZ,West,Family,2023-11-18
C00179,Ava Miller,Female,62,CA,West,Individual,2025-05-22
C00180,Leo Hernandez,Other,21,PA,Northeast,Enterprise,2022-09-13
C00181,Ethan Brown,Other,30,AZ,West,Enterprise,2023-03-01
C00182,Lucas Garcia,Other,26,CA,West,Small Business,2025-03-11
C00183,Noah Jones,Female,54,TX,South,Small Business,2025-04-24
C00184,Olivia Williams,Male,40,OH,Midwest,Family,2024-06-12
C00185,Evelyn Williams,Female,72,PA,Northeast,Small Business,2024-05-11
C00186,Noah Wilson,Other,70,FL,South,Small Business,2023-01-30
C00187,Liam Hernandez,Female,34,CA,West,Enterprise,2023-04-27
C00188,Harper Miller,Female,43,FL,South,Small Business,2021-04-26
C00189,Oliver Jones,Other,58,GA,South,Small Business,2021-05-08
C00190,Elijah Lopez,Male,67,AZ,West,Individual,2022-06-22
C00191,Liam Hernandez,Other,72,TX,South,Family,2023-06-08
C00192,Elijah Johnson,Female,42,TX,South,Family,2022-06-04
C00193,Luna Anderson,Female,61,PA,Northeast,Individual,2024-08-07
C00194,Mateo Hernandez,Other,59,CA,West,Individual,2023-07-14
C00195,James Jones,Male,35,TX,South,Enterprise,2022-02-16
C00196,Evelyn Gonzalez,Other,37,IL,Midwest,Small Business,2021-02-09
C00197,Sophia Davis,Other,31,CA,West,Family,2024-10-17
C00198,Mia Smith,Other,61,GA,South,Small Business,2022-06-24
C00199,Ethan Brown,Male,44,PA,Northeast,Family,2022-01-03
C00200,Lucas Jones,Other,39,OH,Midwest,Small Business,2024-11-11
C00201,Harper Miller,Female,42,OH,Midwest,Individual,2021-08-24
C00202,Luna Miller,Female,74,OH,Midwest,Family,2022-04-25
C00203,Lucas Hernandez,Male,33,GA,South,Small Business,2023-04-26
C00204,Olivia Williams,Male,76,OH,Midwest,Enterprise,2021-12-03
C00205,Ethan Miller,Other,48,OH,Midwest,Family,2022-05-29
C00206,Isabella Martinez,Female,48,IL,Midwest,Individual,2025-01-07
C00207,Mateo Gonzalez,Other,53,FL,South,Family,2023-07-02
C00208,Noah Miller,Female,33,NY,Northeast,Enterprise,2021-05-02
C00209,Noah Williams,Male,37,CA,West,Small Business,2024-07-05
C00210,Harper Williams,Female,63,PA,Northeast,Individual,2021-03-18
C00211,Mateo Smith,Female,29,PA,Northeast,Family,2021-06-01
C00212,Levi Anderson,Female,58,NY,Northeast,Enterprise,2024-03-20
C00213,Levi Williams,Other,68,CA,West,Family,2022-08-13
C00214,Harper Wilson,Female,71,AZ,West,Individual,2025-05-09
C00215,Oliver Williams,Other,76,OH,Midwest,Enterprise,2024-08-13
C00216,Oliver Hernandez,Other,62,GA,South,Individual,2022-08-12
C00217,Levi Davis,Other,56,NC,South,Family,2025-02-08
C00218,Mateo Anderson,Male,52,NY,Northeast,Small Business,2024-01-27
C00219,Elijah Anderson,Other,78,FL,South,Small Business,2024-09-05
C00220,Emma Smith,Female,74,AZ,West,Enterprise,2025-01-05
C00221,Levi Johnson,Female,55,CA,West,Enterprise,2021-12-16
C00222,Ethan Brown,Other,63,FL,South,Individual,2024-11-23
C00223,Harper Gonzalez,Male,75,IL,Midwest,Small Business,2024-04-28
C00224,Mateo Gonzalez,Other,32,FL,South,Family,2022-04-28
C00225,Oliver Hernandez,Male,28,NY,Northeast,Family,2024-02-07
C00226,James Martinez,Other,40,OH,Midwest,Small Business,2023-12-07
C00227,Ava Brown,Male,60,FL,South,Enterprise,2022-07-18
C00228,Leo Lopez,Male,27,NY,Northeast,Individual,2022-11-18
C00229,Sophia Gonzalez,Female,51,PA,Northeast,Individual,2021-02-21
C00230,Liam Jones,Female,34,TX,South,Individual,2021-11-25
C00231,James Gonzalez,Male,61,IL,Midwest,Enterprise,2024-04-11
C00232,Amelia Hernandez,Male,77,NY,Northeast,Enterprise,2024-07-28
C00233,Mia Johnson,Female,40,CA,West,Individual,2023-07-12
C00234,Mateo Lopez,Other,54,OH,Midwest,Enterprise,2024-01-21
C00235,James Rodriguez,Other,77,GA,South,Individual,2024-11-26
C00236,Mia Johnson,Other,57,FL,South,Small Business,2021-12-04
C00237,Isabella Miller,Female,23,OH,Midwest,Individual,2022-06-22
C00238,Oliver Gonzalez,Male,55,NY,Northeast,Enterprise,2024-10-23
C00239,Elijah Lopez,Male,25,NC,South,Small Business,2023-02-05
C00240,Amelia Garcia,Male,48,AZ,West,Family,2025-04-14
C00241,Oliver Jones,Male,55,OH,Midwest,Individual,2022-01-31
C00242,Harper Wilson,Other,29,CA,West,Enterprise,2022-09-19
C00243,Luna Smith,Other,68,GA,South,Individual,2023-09-05
C00244,Leo Wilson,Male,63,CA,West,Enterprise,2021-01-25
C00245,Liam Garcia,Male,58,GA,South,Enterprise,2025-03-04
C00246,Isabella Rodriguez,Male,49,NY,Northeast,Small Business,2021-12-27
C00247,Levi Rodriguez,Female,31,NY,Northeast,Individual,2023-02-22
C00248,Levi Johnson,Other,41,IL,Midwest,Enterprise,2022-10-15
C00249,Noah Hernandez,Female,44,OH,Midwest,Family,2022-06-28
C00250,Mateo Johnson,Female,41,GA,South,Individual,2024-01-29
C00251,Leo Jones,Male,53,GA,South,Small Business,2024-08-24
C00252,Oliver Davis,Female,62,PA,Northeast,Individual,2022-08-17
C00253,Oliver Martinez,Other,36,IL,Midwest,Small Business,2021-12-21
C00254,Levi Lopez,Female,57,IL,Midwest,Small Business,2023-03-17
C00255,Oliver Hernandez,Female,56,NY,Northeast,Individual,2023-01-12
C00256,Mateo Williams,Male,32,NY,Northeast,Individual,2024-03-23
C00257,Elijah Martinez,Male,52,GA,South,Small Business,2025-06-08
C00258,Liam Gonzalez,Female,63,PA,Northeast,Individual,2024-06-25
C00259,Noah Garcia,Other,41,NC,South,Enterprise,2023-09-28
C00260,Evelyn Rodriguez,Other,57,NC,South,Enterprise,2021-03-04
C00261,Ethan Lopez,Male,51,CA,West,Enterprise,2023-09-03
C00262,Liam Brown,Other,37,AZ,West,Individual,2022-11-03
C00263,Evelyn Brown,Male,53,TX,South,Small Business,2021-05-24
C00264,Ava Gonzalez,Male,74,TX,South,Enterprise,2024-02-18
C00265,Levi Hernandez,Male,75,OH,Midwest,Enterprise,2024-02-02
C00266,Leo Martinez,Other,43,GA,South,Enterprise,2024-11-20
C00267,Isabella Brown,Male,31,IL,Midwest,Enterprise,2021-08-27
C00268,Emma Smith,Female,58,TX,South,Enterprise,2021-01-27
C00269,Amelia Jones,Female,39,GA,South,Enterprise,2024-05-27
C00270,Emma Garcia,Other,69,OH,Midwest,Enterprise,2021-12-29
C00271,Oliver Lopez,Female,78,NC,South,Family,2023-09-21
C00272,Amelia Williams,Other,45,NC,South,Individual,2024-11-18
C00273,Luna Lopez,Male,54,NC,South,Small Business,2022-01-09
C00274,Sophia Lopez,Other,75,OH,Midwest,Individual,2023-02-21
C00275,Ava Jones,Other,30,AZ,West,Enterprise,2022-09-02
C00276,Elijah Miller,Male,65,NC,South,Individual,2021-04-20
C00277,Isabella Garcia,Other,66,CA,West,Enterprise,2021-12-06
C00278,James Miller,Female,68,PA,Northeast,Individual,2023-05-10
C00279,Amelia Johnson,Female,52,CA,West,Small Business,2023-08-18
C00280,Amelia Gonzalez,Male,62,FL,South,Enterprise,2025-05-28
C00281,Noah Brown,Female,78,AZ,West,Individual,2024-12-24
C00282,Lucas Jones,Male,49,CA,West,Enterprise,2025-05-28
C00283,Olivia Williams,Other,77,PA,Northeast,Small Business,2021-06-03
C00284,Lucas Brown,Female,32,IL,Midwest,Small Business,2025-03-07
C00285,Ethan Johnson,Other,55,NC,South,Small Business,2022-11-25
C00286,James Gonzalez,Female,29,TX,South,Small Business,2024-06-15
C00287,Isabella Miller,Other,46,CA,West,Family,2022-01-04
C00288,Elijah Martinez,Female,46,NC,South,Enterprise,2022-12-13
C00289,Ethan Davis,Other,53,AZ,West,Family,2023-08-02
C00290,Mia Hernandez,Female,62,NC,South,Enterprise,2024-06-18
C00291,Emma Brown,Other,75,AZ,West,Individual,2023-05-31
C00292,Harper Garcia,Male,75,IL,Midwest,Enterprise,2022-06-08
C00293,Lucas Anderson,Other,77,FL,South,Family,2022-02-27
C00294,James Jones,Female,44,TX,South,Small Business,2025-01-28
C00295,Sophia Jones,Other,60,NY,Northeast,Enterprise,2022-11-11
C00296,Mia Jones,Other,78,FL,South,Small Business,2022-08-05
C00297,Elijah Rodriguez,Other,53,IL,Midwest,Family,2022-08-09
C00298,Evelyn Johnson,Female,52,PA,Northeast,Individual,2025-03-09
C00299,James Anderson,Male,71,TX,South,Enterprise,2023-10-22
C00300,Emma Garcia,Male,69,OH,Midwest,Family,2023-12-16
C00301,Harper Martinez,Other,71,CA,West,Individual,2022-11-16
C00302,Ava Johnson,Male,36,PA,Northeast,Small Business,2023-04-30
C00303,Harper Wilson,Male,65,NY,Northeast,Family,2024-09-04
C00304,Liam Anderson,Female,74,AZ,West,Family,2022-09-11
C00305,Olivia Smith,Female,72,IL,Midwest,Family,2025-05-31
C00306,Elijah Anderson,Male,69,NC,South,Enterprise,2021-12-04
C00307,Luna Jones,Male,71,CA,West,Small Business,2025-03-06
C00308,Leo Anderson,Male,37,PA,Northeast,Individual,2025-02-01
C00309,Evelyn Brown,Other,74,GA,South,Individual,2025-06-12
C00310,Harper Williams,Male,52,NY,Northeast,Enterprise,2023-10-30
C00311,Olivia Rodriguez,Female,65,NC,South,Individual,2023-04-16
C00312,Amelia Johnson,Female,40,TX,South,Enterprise,2023-01-31
C00313,Mateo Martinez,Female,62,NY,Northeast,Individual,2021-09-30
C00314,Harper Anderson,Male,34,PA,Northeast,Family,2024-12-01
C00315,Levi Gonzalez,Male,71,FL,South,Family,2023-04-25
C00316,Evelyn Williams,Male,34,IL,Midwest,Small Business,2022-01-20
C00317,Sophia Lopez,Male,40,FL,South,Small Business,2021-12-30
C00318,Levi Smith,Female,37,FL,South,Family,2022-01-06
C00319,Emma Johnson,Other,56,PA,Northeast,Small Business,2022-07-10
C00320,Leo Rodriguez,Female,47,IL,Midwest,Enterprise,2022-05-09
C00321,Liam Rodriguez,Male,67,AZ,West,Family,2021-10-31
C00322,Luna Gonzalez,Male,39,TX,South,Family,2021-06-26
C00323,Noah Brown,Female,42,TX,South,Enterprise,2022-02-24
C00324,Elijah Davis,Female,75,FL,South,Small Business,2025-02-12
C00325,Emma Johnson,Female,24,NY,Northeast,Small Business,2022-01-16
C00326,Luna Johnson,Male,54,NY,Northeast,Family,2023-06-19
C00327,James Garcia,Male,31,PA,Northeast,Enterprise,2021-07-07
C00328,Liam Davis,Male,44,PA,Northeast,Individual,2023-05-15
C00329,Elijah Anderson,Male,60,GA,South,Enterprise,2024-10-16
C00330,Emma Johnson,Other,34,FL,South,Small Business,2022-12-27
C00331,Liam Smith,Male,30,IL,Midwest,Enterprise,2021-06-07
C00332,Luna Martinez,Male,34,OH,Midwest,Enterprise,2025-01-20
C00333,Ava Martinez,Female,54,OH,Midwest,Enterprise,2021-09-10
C00334,Harper Lopez,Male,44,AZ,West,Small Business,2022-05-17
C00335,Mateo Gonzalez,Female,47,FL,South,Family,2022-07-07
C00336,Ava Martinez,Female,62,CA,West,Individual,2021-08-14
C00337,Sophia Brown,Male,71,CA,West,Enterprise,2025-03-19
C00338,Lucas Jones,Female,68,IL,Midwest,Small Business,2024-10-18
C00339,Ethan Martinez,Female,24,NY,Northeast,Small Business,2024-11-08
C00340,Ava Brown,Male,33,TX,South,Family,2023-01-18
C00341,Evelyn Johnson,Male,39,CA,West,Small Business,2025-05-01
C00342,Amelia Smith,Female,55,OH,Midwest,Family,2023-08-28
C00343,Elijah Wilson,Female,73,IL,Midwest,Individual,2022-11-02
C00344,Elijah Miller,Female,71,GA,South,Small Business,2022-02-20
C00345,Emma Davis,Other,31,AZ,West,Enterprise,2024-09-11
C00346,Isabella Williams,Male,25,AZ,West,Family,2023-09-14
C00347,Amelia Hernandez,Other,78,AZ,West,Small Business,2021-09-20
C00348,James Garcia,Male,76,IL,Midwest,Individual,2023-07-25
C00349,Olivia Jones,Male,30,TX,South,Individual,2023-09-23
C00350,Evelyn Anderson,Male,23,PA,Northeast,Family,2024-09-21
C00351,Isabella Gonzalez,Other,47,CA,West,Individual,2022-03-07
C00352,Evelyn Garcia,Other,40,OH,Midwest,Family,2024-04-12
C00353,Ava Anderson,Other,62,PA,Northeast,Enterprise,2023-08-26
C00354,Amelia Lopez,Other,28,FL,South,Family,2024-02-10
C00355,James Williams,Male,78,AZ,West,Enterprise,2022-03-06
C00356,Mia Wilson,Female,36,NY,Northeast,Enterprise,2021-08-01
C00357,Emma Rodriguez,Male,29,OH,Midwest,Small Business,2025-01-15
C00358,Liam Lopez,Male,69,TX,South,Small Business,2024-10-18
C00359,Elijah Anderson,Other,65,IL,Midwest,Family,2021-11-10
C00360,Amelia Williams,Male,26,TX,South,Individual,2023-07-01
C00361,Amelia Johnson,Male,39,GA,South,Family,2021-02-11
C00362,Leo Williams,Other,40,AZ,West,Small Business,2025-02-09
C00363,Emma Wilson,Other,70,NY,Northeast,Small Business,2021-12-09
C00364,Liam Wilson,Other,54,OH,Midwest,Family,2025-04-12
C00365,Amelia Martinez,Male,36,IL,Midwest,Individual,2023-06-24
C00366,Mateo Brown,Male,42,GA,South,Individual,2021-06-17
C00367,Olivia Williams,Other,74,AZ,West,Small Business,2024-07-15
C00368,Mateo Johnson,Male,44,IL,Midwest,Family,2021-07-24
C00369,James Davis,Male,29,CA,West,Individual,2022-02-24
C00370,Oliver Wilson,Other,58,NY,Northeast,Small Business,2022-11-29
C00371,Evelyn Williams,Other,54,TX,South,Small Business,2025-02-19
C00372,Lucas Gonzalez,Other,75,TX,South,Individual,2022-06-09
C00373,James Rodriguez,Other,51,TX,South,Enterprise,2022-09-23
C00374,Ethan Martinez,Other,63,TX,South,Family,2025-06-14
C00375,Ethan Wilson,Other,60,AZ,West,Enterprise,2021-02-27
C00376,Olivia Johnson,Female,26,TX,South,Small Business,2022-03-02
C00377,Emma Miller,Male,56,AZ,West,Small Business,2024-04-15
C00378,James Rodriguez,Other,36,AZ,West,Small Business,2022-04-06
C00379,Amelia Johnson,Other,60,NY,Northeast,Family,2022-10-02
C00380,Amelia Gonzalez,Other,44,IL,Midwest,Small Business,2024-08-20
C00381,Sophia Gonzalez,Other,26,PA,Northeast,Family,2023-04-06
C00382,Mia Gonzalez,Male,62,IL,Midwest,Family,2024-11-22
C00383,Isabella Smith,Other,72,GA,South,Enterprise,2021-01-22
C00384,Emma Smith,Other,27,GA,South,Individual,2023-05-31
C00385,Elijah Garcia,Female,23,GA,South,Small Business,2022-03-29
C00386,Evelyn Garcia,Male,78,NC,South,Enterprise,2022-04-19
C00387,Liam Williams,Female,76,TX,South,Individual,2023-02-27
C00388,Amelia Rodriguez,Other,42,AZ,West,Enterprise,2022-10-25
C00389,Levi Rodriguez,Other,53,NY,Northeast,Small Business,2023-11-25
C00390,Leo Jones,Other,57,CA,West,Small Business,2025-01-07
C00391,Mateo Jones,Other,58,CA,West,Small Business,2022-04-11
C00392,Olivia Smith,Female,22,NY,Northeast,Enterprise,2024-08-17
C00393,Noah Martinez,Female,30,NY,Northeast,Small Business,2021-07-06
C00394,Mateo Rodriguez,Male,68,GA,South,Small Business,2022-02-06
C00395,Sophia Brown,Other,74,FL,South,Individual,2023-02-05
C00396,James Williams,Female,74,PA,Northeast,Individual,2024-12-05
C00397,Harper Garcia,Other,69,FL,South,Individual,2022-03-16
C00398,Elijah Wilson,Female,62,IL,Midwest,Individual,2022-12-03
C00399,Evelyn Davis,Other,61,FL,South,Family,2024-06-28
C00400,Leo Garcia,Other,21,FL,South,Small Business,2021-11-04
C00401,Oliver Rodriguez,Female,72,NC,South,Individual,2021-08-13
C00402,Emma Anderson,Male,44,IL,Midwest,Individual,2022-09-02
C00403,Ava Williams,Male,32,GA,South,Individual,2021-01-23
C00404,Liam Williams,Female,45,AZ,West,Enterprise,2025-01-17
C00405,Liam Johnson,Other,56,FL,South,Family,2022-02-11
C00406,Oliver Gonzalez,Male,62,IL,Midwest,Small Business,2024-03-28
C00407,Evelyn Hernandez,Other,52,NY,Northeast,Individual,2022-10-16
C00408,Harper Hernandez,Female,57,AZ,West,Small Business,2023-11-09
C00409,Harper Jones,Female,25,NC,South,Individual,2022-02-15
C00410,Mia Smith,Other,52,PA,Northeast,Family,2022-09-07
C00411,Leo Brown,Male,77,FL,South,Enterprise,2024-06-20
C00412,Oliver Gonzalez,Male,40,OH,Midwest,Enterprise,2024-03-17
C00413,Lucas Garcia,Male,28,NC,South,Family,2021-07-04
C00414,Olivia Johnson,Other,75,NY,Northeast,Enterprise,2023-01-13
C00415,Leo Miller,Other,71,NC,South,Individual,2022-03-05
C00416,Harper Johnson,Male,74,AZ,West,Individual,2024-04-13
C00417,Amelia Lopez,Female,30,GA,South,Small Business,2021-05-24
C00418,Leo Hernandez,Other,54,TX,South,Enterprise,2024-11-17
C00419,Ethan Davis,Female,40,NC,South,Individual,2025-02-16
C00420,Amelia Brown,Female,22,GA,South,Individual,2024-01-15
C00421,Emma Lopez,Female,62,CA,West,Individual,2024-04-01
C00422,Mateo Jones,Male,68,IL,Midwest,Small Business,2023-12-05
C00423,Elijah Garcia,Other,46,IL,Midwest,Individual,2021-11-06
C00424,Luna Wilson,Female,68,FL,South,Small Business,2025-04-18
C00425,Isabella Martinez,Other,38,OH,Midwest,Individual,2024-07-25
C00426,James Johnson,Female,48,NY,Northeast,Individual,2021-07-09
C00427,James Johnson,Other,29,PA,Northeast,Family,2024-04-18
C00428,Sophia Gonzalez,Female,67,NC,South,Family,2021-09-21
C00429,Levi Lopez,Male,45,GA,South,Family,2024-06-14
C00430,Sophia Hernandez,Female,61,NY,Northeast,Family,2022-09-28
C00431,Lucas Anderson,Female,47,GA,South,Small Business,2025-05-01
C00432,Mia Hernandez,Male,66,FL,South,Small Business,2022-06-27
C00433,Evelyn Anderson,Female,71,FL,South,Family,2022-05-03
C00434,Leo Rodriguez,Female,61,OH,Midwest,Individual,2024-08-12
C00435,Isabella Johnson,Other,25,NY,Northeast,Small Business,2022-01-02
C00436,Olivia Miller,Female,54,FL,South,Enterprise,2022-06-23
C00437,Noah Smith,Male,33,AZ,West,Small Business,2024-09-03
C00438,Liam Gonzalez,Other,59,TX,South,Family,2023-01-17
C00439,James Gonzalez,Other,35,TX,South,Family,2021-11-10
C00440,Emma Williams,Male,74,IL,Midwest,Small Business,2025-04-29
C00441,Lucas Martinez,Other,72,NC,South,Family,2024-01-19
C00442,Isabella Lopez,Male,61,TX,South,Small Business,2023-11-16
C00443,Lucas Lopez,Male,35,IL,Midwest,Enterprise,2024-10-04
C00444,Noah Rodriguez,Male,48,AZ,West,Family,2021-01-20
C00445,Levi Garcia,Female,64,NC,South,Small Business,2022-02-11
C00446,Levi Smith,Female,45,CA,West,Small Business,2022-11-18
C00447,Isabella Miller,Other,22,CA,West,Individual,2023-06-22
C00448,Evelyn Jones,Other,65,PA,Northeast,Small Business,2024-08-17
C00449,Levi Hernandez,Female,50,FL,South,Small Business,2024-08-01
C00450,Liam Wilson,Male,35,OH,Midwest,Family,2021-02-20
C00451,Mateo Jones,Male,48,AZ,West,Family,2021-06-23
C00452,Amelia Gonzalez,Other,55,AZ,West,Individual,2023-07-05
C00453,Mateo Davis,Other,60,NY,Northeast,Family,2025-05-16
C00454,Mia Martinez,Female,21,GA,South,Individual,2025-02-12
C00455,Evelyn Anderson,Male,31,GA,South,Small Business,2025-03-26
C00456,Sophia Davis,Female,32,PA,Northeast,Enterprise,2021-02-15
C00457,Oliver Johnson,Female,28,AZ,West,Individual,2024-02-13
C00458,Leo Rodriguez,Male,48,OH,Midwest,Small Business,2022-05-14
C00459,Emma Jones,Female,23,CA,West,Small Business,2022-02-27
C00460,Amelia Gonzalez,Male,69,IL,Midwest,Enterprise,2022-04-23
C00461,Liam Hernandez,Female,32,OH,Midwest,Individual,2023-11-11
C00462,Levi Martinez,Male,61,NC,South,Individual,2025-06-04
C00463,Oliver Martinez,Female,64,IL,Midwest,Small Business,2023-06-26
C00464,Leo Garcia,Male,33,IL,Midwest,Family,2022-01-10
C00465,Ethan Garcia,Female,44,CA,West,Individual,2021-09-17
C00466,James Smith,Female,61,OH,Midwest,Small Business,2023-06-19
C00467,Levi Hernandez,Female,62,CA,West,Individual,2025-05-20
C00468,Ethan Rodriguez,Female,72,NC,South,Small Business,2023-08-21
C00469,James Anderson,Other,73,FL,South,Family,2022-12-08
C00470,Ethan Johnson,Male,72,PA,Northeast,Small Business,2024-02-28
C00471,Oliver Garcia,Female,78,NY,Northeast,Enterprise,2022-05-04
C00472,Ava Gonzalez,Male,23,NC,South,Family,2024-01-20
C00473,Amelia Davis,Female,74,PA,Northeast,Family,2024-08-07
C00474,Evelyn Rodriguez,Other,48,IL,Midwest,Enterprise,2021-06-07
C00475,Noah Hernandez,Female,33,AZ,West,Small Business,2025-02-23
C00476,Sophia Rodriguez,Male,77,OH,Midwest,Family,2022-04-24
C00477,Liam Garcia,Male,56,NY,Northeast,Small Business,2025-06-20
C00478,Ethan Brown,Female,23,FL,South,Enterprise,2025-03-15
C00479,Oliver Williams,Male,48,AZ,West,Individual,2024-06-07
C00480,Emma Anderson,Other,65,TX,South,Small Business,2023-04-23
C00481,Emma Jones,Other,58,NC,South,Family,2025-01-15
C00482,Oliver Anderson,Other,74,IL,Midwest,Individual,2022-08-15
C00483,Luna Smith,Other,61,IL,Midwest,Family,2021-02-14
C00484,Ava Jones,Other,46,PA,Northeast,Enterprise,2022-11-13
C00485,Mia Smith,Female,50,GA,South,Enterprise,2022-06-07
C00486,Olivia Martinez,Female,64,AZ,West,Enterprise,2025-01-05
C00487,James Rodriguez,Female,34,CA,West,Enterprise,2023-09-20
C00488,James Martinez,Female,68,AZ,West,Enterprise,2021-10-23
C00489,Elijah Garcia,Other,58,AZ,West,Family,2023-02-27
C00490,Oliver Smith,Male,41,GA,South,Family,2022-05-15
C00491,Mia Williams,Male,27,CA,West,Enterprise,2024-10-23
C00492,Elijah Garcia,Female,56,IL,Midwest,Enterprise,2022-04-29
C00493,Leo Wilson,Other,62,FL,South,Individual,2021-11-19
C00494,James Martinez,Male,77,TX,South,Family,2023-01-25
C00495,Lucas Rodriguez,Female,58,FL,South,Family,2024-10-08
C00496,Luna Johnson,Female,24,NC,South,Individual,2024-02-19
C00497,Harper Davis,Female,53,OH,Midwest,Individual,2024-08-23
C00498,Mia Johnson,Female,22,CA,West,Individual,2021-12-17
C00499,Mia Davis,Other,57,CA,West,Small Business,2022-05-17
C00500,Oliver Gonzalez,Male,68,IL,Midwest,Individual,2021-11-26
C00501,Mia Miller,Female,53,FL,South,Enterprise,2021-05-23
C00502,Olivia Garcia,Female,68,PA,Northeast,Small Business,2021-01-21
C00503,Emma Williams,Other,34,OH,Midwest,Small Business,2023-01-19
C00504,James Anderson,Other,28,AZ,West,Individual,2023-08-03
C00505,Harper Miller,Other,27,NC,South,Family,2024-02-26
C00506,Luna Wilson,Female,58,IL,Midwest,Enterprise,2021-12-09
C00507,Luna Hernandez,Female,72,AZ,West,Enterprise,2022-03-01
C00508,Ethan Davis,Female,74,NY,Northeast,Enterprise,2024-01-01
C00509,Luna Williams,Other,47,PA,Northeast,Enterprise,2023-04-30
C00510,Sophia Brown,Other,71,TX,South,Enterprise,2024-06-10
C00511,Oliver Lopez,Other,70,TX,South,Enterprise,2023-02-14
C00512,Olivia Miller,Male,35,IL,Midwest,Individual,2021-04-01
C00513,Elijah Brown,Male,62,CA,West,Individual,2023-01-21
C00514,Evelyn Martinez,Other,60,NC,South,Small Business,2024-04-18
C00515,Leo Lopez,Other,25,FL,South,Individual,2023-12-05
C00516,Olivia Rodriguez,Male,76,NC,South,Individual,2021-06-28
C00517,Levi Johnson,Male,67,OH,Midwest,Individual,2023-12-29
C00518,Harper Hernandez,Other,25,PA,Northeast,Small Business,2024-12-31
C00519,Elijah Lopez,Female,35,OH,Midwest,Family,2024-05-16
C00520,Leo Rodriguez,Female,43,FL,South,Family,2025-06-24
C00521,Levi Anderson,Other,67,CA,West,Small Business,2025-01-26
C00522,Elijah Johnson,Female,54,IL,Midwest,Enterprise,2022-05-07
C00523,Luna Brown,Female,36,PA,Northeast,Individual,2025-03-16
C00524,Isabella Wilson,Female,45,NC,South,Individual,2022-02-24
C00525,Elijah Jones,Male,66,OH,Midwest,Individual,2021-03-14
C00526,Lucas Davis,Female,56,PA,Northeast,Family,2022-07-30
C00527,Lucas Gonzalez,Female,57,NC,South,Individual,2024-08-19
C00528,Mia Rodriguez,Male,66,GA,South,Enterprise,2021-07-26
C00529,Mia Rodriguez,Male,35,AZ,West,Family,2022-04-22
C00530,Luna Hernandez,Male,55,NC,South,Small Business,2023-07-16
C00531,Sophia Gonzalez,Male,58,OH,Midwest,Small Business,2023-07-13
C00532,Lucas Rodriguez,Male,36,NC,South,Individual,2024-10-16
C00533,Oliver Johnson,Male,44,CA,West,Enterprise,2023-04-08
C00534,Olivia Johnson,Female,40,GA,South,Enterprise,2023-05-24
C00535,Luna Johnson,Female,74,CA,West,Individual,2021-01-09
C00536,Levi Lopez,Female,50,AZ,West,Individual,2023-10-22
C00537,Noah Jones,Female,77,FL,South,Family,2023-11-18
C00538,Noah Brown,Male,32,NC,South,Family,2024-12-22
C00539,Liam Gonzalez,Female,34,TX,South,Individual,2023-11-28
C00540,Oliver Martinez,Other,32,TX,South,Individual,2021-02-22
C00541,Oliver Lopez,Male,46,OH,Midwest,Family,2021-11-24
C00542,Ethan Johnson,Female,40,NC,South,Enterprise,2024-09-19
C00543,Sophia Anderson,Female,69,FL,South,Individual,2022-12-23
C00544,Isabella Gonzalez,Other,71,AZ,West,Enterprise,2024-09-22
C00545,Olivia Williams,Male,65,CA,West,Enterprise,2022-09-01
C00546,Noah Martinez,Other,44,OH,Midwest,Family,2025-02-06
C00547,Sophia Jones,Other,32,GA,South,Family,2021-10-27
C00548,Olivia Hernandez,Male,56,AZ,West,Family,2021-09-05
C00549,Harper Davis,Other,64,FL,South,Family,2021-11-27
C00550,Luna Davis,Other,78,FL,South,Enterprise,2022-01-28
C00551,Olivia Hernandez,Female,52,GA,South,Individual,2025-03-22
C00552,Isabella Jones,Female,47,TX,South,Family,2021-11-28
C00553,Leo Williams,Male,26,OH,Midwest,Individual,2023-02-21
C00554,Mia Brown,Male,67,OH,Midwest,Enterprise,2025-05-19
C00555,Olivia Jones,Male,41,IL,Midwest,Family,2021-07-23
C00556,Noah Rodriguez,Female,30,IL,Midwest,Individual,2025-06-01
C00557,Ethan Brown,Other,22,GA,South,Small Business,2021-05-26
C00558,Leo Lopez,Male,49,GA,South,Family,2022-08-31
C00559,Liam Miller,Other,59,NC,South,Individual,2023-07-04
C00560,Isabella Miller,Female,42,OH,Midwest,Enterprise,2021-01-04
C00561,Levi Rodriguez,Male,45,IL,Midwest,Enterprise,2022-09-12
C00562,Liam Lopez,Male,59,GA,South,Enterprise,2023-05-12
C00563,Noah Anderson,Other,67,PA,Northeast,Small Business,2021-01-06
C00564,Lucas Garcia,Other,47,AZ,West,Small Business,2021-05-20
C00565,Lucas Brown,Other,38,AZ,West,Family,2023-03-10
C00566,Lucas Rodriguez,Male,49,IL,Midwest,Individual,2025-05-10
C00567,Liam Gonzalez,Male,30,IL,Midwest,Family,2023-04-27
C00568,Harper Rodriguez,Male,78,IL,Midwest,Small Business,2024-03-07
C00569,Ava Hernandez,Male,42,NY,Northeast,Enterprise,2024-11-15
C00570,Levi Hernandez,Other,22,NY,Northeast,Family,2021-01-24
C00571,Mia Jones,Male,45,AZ,West,Individual,2021-10-15
C00572,Mia Jones,Female,60,GA,South,Small Business,2025-05-02
C00573,Isabella Smith,Female,70,AZ,West,Individual,2025-01-29
C00574,Mia Miller,Female,44,NC,South,Family,2023-12-17
C00575,Elijah Wilson,Female,30,NC,South,Small Business,2021-02-12
C00576,Leo Miller,Female,57,AZ,West,Enterprise,2025-05-18
C00577,Harper Gonzalez,Female,22,GA,South,Family,2023-11-04
C00578,Lucas Hernandez,Other,30,NY,Northeast,Enterprise,2021-11-02
C00579,James Smith,Female,49,NY,Northeast,Enterprise,2022-03-15
C00580,Leo Brown,Female,50,FL,South,Enterprise,2021-03-21
C00581,Noah Wilson,Male,64,OH,Midwest,Enterprise,2024-03-23
C00582,Liam Rodriguez,Male,32,TX,South,Family,2024-08-25
C00583,Ava Wilson,Male,33,NY,Northeast,Family,2024-01-19
C00584,Leo Johnson,Female,39,TX,South,Individual,2021-08-12
C00585,Evelyn Brown,Other,28,FL,South,Enterprise,2024-01-08
C00586,James Miller,Male,33,FL,South,Family,2024-10-11
C00587,Lucas Rodriguez,Female,28,FL,South,Individual,2021-10-22
C00588,Luna Smith,Other,71,OH,Midwest,Individual,2023-01-21
C00589,Olivia Jones,Male,38,TX,South,Family,2022-10-11
C00590,Amelia Smith,Other,48,NC,South,Individual,2024-11-25
C00591,Amelia Hernandez,Female,22,IL,Midwest,Family,2024-01-03
C00592,Amelia Rodriguez,Male,62,IL,Midwest,Small Business,2023-04-19
C00593,Luna Jones,Male,38,GA,South,Small Business,2023-07-10
C00594,Luna Garcia,Other,49,FL,South,Enterprise,2022-05-19
C00595,Ava Wilson,Male,73,AZ,West,Individual,2023-06-29
C00596,Leo Garcia,Female,74,TX,South,Family,2023-01-09
C00597,Leo Johnson,Male,55,FL,South,Small Business,2023-11-24
C00598,Noah Gonzalez,Other,30,NY,Northeast,Family,2024-09-04
C00599,Luna Johnson,Female,52,AZ,West,Family,2022-11-19
C00600,Luna Martinez,Male,70,NC,South,Family,2025-03-17
C00601,Sophia Hernandez,Male,63,IL,Midwest,Enterprise,2024-10-21
C00602,Mia Garcia,Other,69,FL,South,Small Business,2021-05-22
C00603,Mia Anderson,Female,52,CA,West,Individual,2022-02-03
C00604,Noah Garcia,Female,43,TX,South,Individual,2021-10-28
C00605,Levi Williams,Female,61,TX,South,Individual,2025-02-18
C00606,Mateo Garcia,Male,72,GA,South,Family,2024-02-03
C00607,Levi Smith,Female,56,CA,West,Small Business,2021-06-26
C00608,Levi Garcia,Other,25,PA,Northeast,Enterprise,2023-07-08
C00609,Evelyn Lopez,Other,76,GA,South,Enterprise,2023-09-02
C00610,Harper Smith,Other,25,PA,Northeast,Family,2025-02-07
C00611,Lucas Lopez,Female,77,AZ,West,Family,2022-06-30
C00612,Mateo Smith,Female,25,GA,South,Small Business,2023-10-21
C00613,Ethan Smith,Female,51,IL,Midwest,Small Business,2022-03-10
C00614,Olivia Gonzalez,Female,22,FL,South,Enterprise,2023-05-08
C00615,Mia Lopez,Female,45,CA,West,Family,2021-09-01
C00616,Evelyn Martinez,Other,44,AZ,West,Individual,2024-03-17
C00617,Isabella Gonzalez,Male,37,IL,Midwest,Individual,2024-05-09
C00618,Mateo Jones,Male,32,GA,South,Individual,2021-01-22
C00619,Lucas Hernandez,Male,76,CA,West,Enterprise,2021-10-23
C00620,Olivia Anderson,Male,67,AZ,West,Enterprise,2024-03-13
C00621,Lucas Martinez,Other,61,NY,Northeast,Individual,2021-08-08
C00622,Noah Davis,Male,25,NY,Northeast,Family,2024-01-05
C00623,Luna Brown,Male,26,IL,Midwest,Individual,2023-04-03
C00624,Mia Williams,Female,23,NY,Northeast,Enterprise,2021-10-14
C00625,Isabella Martinez,Female,52,PA,Northeast,Enterprise,2022-10-29
C00626,Mateo Miller,Female,28,IL,Midwest,Enterprise,2024-02-23
C00627,Leo Lopez,Female,75,CA,West,Family,2024-10-17
C00628,Liam Lopez,Other,72,AZ,West,Individual,2022-04-02
C00629,Lucas Hernandez,Male,32,PA,Northeast,Small Business,2024-06-26
C00630,Isabella Gonzalez,Male,33,AZ,West,Individual,2025-05-13
C00631,Liam Garcia,Female,67,TX,South,Enterprise,2023-06-06
C00632,Mia Martinez,Female,41,TX,South,Small Business,2024-11-14
C00633,Olivia Anderson,Male,72,FL,South,Enterprise,2021-07-15
C00634,James Rodriguez,Male,34,CA,West,Individual,2025-05-10
C00635,Leo Brown,Male,36,AZ,West,Family,2022-12-24
C00636,Luna Hernandez,Male,74,PA,Northeast,Small Business,2022-10-01
C00637,Evelyn Johnson,Male,26,CA,West,Individual,2021-05-25
C00638,Sophia Rodriguez,Male,41,AZ,West,Individual,2024-04-28
C00639,Ava Anderson,Male,43,IL,Midwest,Family,2021-11-27
C00640,Oliver Wilson,Female,55,CA,West,Small Business,2021-11-15
C00641,Elijah Martinez,Female,67,TX,South,Family,2023-11-29
C00642,Isabella Hernandez,Male,69,TX,South,Enterprise,2021-07-08
C00643,Elijah Davis,Female,60,NC,South,Family,2021-06-23
C00644,Ethan Lopez,Male,64,GA,South,Enterprise,2023-12-07
C00645,Ava Davis,Male,21,AZ,West,Small Business,2024-09-09
C00646,Ava Martinez,Male,63,NY,Northeast,Small Business,2021-02-25
C00647,Luna Garcia,Male,34,CA,West,Family,2023-12-11
C00648,Emma Johnson,Other,48,FL,South,Small Business,2024-11-02
C00649,Mia Johnson,Female,44,OH,Midwest,Individual,2022-04-10
C00650,Mia Williams,Female,41,GA,South,Small Business,2022-04-29
C00651,Liam Johnson,Female,78,FL,South,Small Business,2022-12-25
C00652,Luna Hernandez,Other,67,AZ,West,Individual,2022-08-07
C00653,Evelyn Johnson,Other,30,NY,Northeast,Enterprise,2023-12-13
C00654,Olivia Brown,Male,66,NC,South,Individual,2022-09-10
C00655,Olivia Davis,Female,60,NY,Northeast,Small Business,2024-03-06
C00656,Ava Miller,Male,56,FL,South,Individual,2023-10-25
C00657,Elijah Miller,Other,70,NC,South,Individual,2022-04-30
C00658,Oliver Smith,Male,63,CA,West,Small Business,2024-12-18
C00659,Mateo Hernandez,Female,41,OH,Midwest,Family,2021-02-28
C00660,James Miller,Other,45,NC,South,Small Business,2022-03-27
C00661,Amelia Garcia,Other,47,PA,Northeast,Small Business,2023-05-06
C00662,Noah Jones,Other,70,NC,South,Enterprise,2022-03-07
C00663,Ava Smith,Female,51,IL,Midwest,Family,2023-09-11
C00664,Mia Smith,Male,39,NC,South,Small Business,2024-09-15
C00665,Leo Jones,Other,31,NC,South,Small Business,2022-06-27
C00666,Noah Brown,Male,27,FL,South,Small Business,2021-01-03
C00667,Harper Jones,Male,41,NC,South,Enterprise,2024-02-18
C00668,Emma Johnson,Male,69,GA,South,Enterprise,2024-08-24
C00669,Olivia Jones,Male,45,CA,West,Family,2025-06-18
C00670,Leo Gonzalez,Female,58,GA,South,Individual,2024-04-06
C00671,Luna Wilson,Male,69,AZ,West,Individual,2022-11-21
C00672,Evelyn Gonzalez,Other,69,AZ,West,Enterprise,2022-11-21
C00673,Lucas Hernandez,Other,43,NY,Northeast,Small Business,2022-12-02
C00674,James Rodriguez,Male,31,PA,Northeast,Enterprise,2022-01-21
C00675,Oliver Smith,Male,49,PA,Northeast,Enterprise,2023-05-19
C00676,Mia Johnson,Male,25,CA,West,Family,2025-01-21
C00677,Ava Gonzalez,Female,47,GA,South,Family,2024-05-09
C00678,Leo Miller,Male,42,FL,South,Small Business,2023-12-30
C00679,Levi Lopez,Female,63,IL,Midwest,Family,2024-07-04
C00680,Lucas Lopez,Female,76,GA,South,Individual,2022-12-22
C00681,Amelia Jones,Female,31,FL,South,Enterprise,2024-09-19
C00682,Evelyn Gonzalez,Other,64,GA,South,Family,2021-07-18
C00683,Sophia Garcia,Other,46,IL,Midwest,Individual,2023-10-04
C00684,Evelyn Jones,Female,78,GA,South,Individual,2024-12-03
C00685,Mateo Williams,Female,49,CA,West,Small Business,2023-11-24
C00686,Evelyn Garcia,Male,32,PA,Northeast,Enterprise,2023-01-20
C00687,Oliver Garcia,Other,69,GA,South,Individual,2024-01-08
C00688,Liam Garcia,Male,32,PA,Northeast,Family,2022-10-16
C00689,Mia Smith,Other,35,AZ,West,Enterprise,2022-10-14
C00690,Noah Williams,Female,43,PA,Northeast,Small Business,2021-05-29
C00691,Olivia Davis,Female,59,CA,West,Enterprise,2021-06-25
C00692,Levi Jones,Female,56,OH,Midwest,Small Business,2023-02-02
C00693,James Lopez,Female,52,TX,South,Small Business,2021-05-01
C00694,Leo Hernandez,Female,24,OH,Midwest,Enterprise,2023-02-04
C00695,Mateo Brown,Male,32,AZ,West,Individual,2021-12-25
C00696,Oliver Lopez,Female,58,CA,West,Enterprise,2024-09-28
C00697,Isabella Hernandez,Other,61,TX,South,Small Business,2021-06-19
C00698,Luna Lopez,Female,39,FL,South,Individual,2023-10-19
C00699,Levi Davis,Male,54,AZ,West,Enterprise,2025-03-17
C00700,Mateo Rodriguez,Other,42,NC,South,Enterprise,2021-09-07
C00701,Mia Gonzalez,Male,44,NY,Northeast,Family,2021-05-23
C00702,Noah Lopez,Male,74,TX,South,Enterprise,2022-04-25
C00703,Evelyn Martinez,Male,58,PA,Northeast,Family,2025-01-04
C00704,Olivia Lopez,Female,66,TX,South,Enterprise,2024-12-19
C00705,Amelia Miller,Other,67,IL,Midwest,Family,2023-01-20
C00706,Olivia Brown,Male,25,NY,Northeast,Individual,2023-11-17
C00707,Sophia Brown,Other,30,NC,South,Individual,2023-05-08
C00708,Harper Williams,Other,29,PA,Northeast,Family,2024-08-31
C00709,Oliver Smith,Male,61,TX,South,Enterprise,2021-04-28
C00710,Isabella Wilson,Other,33,NY,Northeast,Individual,2021-01-20
C00711,Amelia Rodriguez,Other,51,NC,South,Family,2021-11-16
C00712,Lucas Hernandez,Other,71,NY,Northeast,Small Business,2021-08-01
C00713,Oliver Jones,Female,54,OH,Midwest,Family,2023-04-17
C00714,Evelyn Rodriguez,Other,76,IL,Midwest,Small Business,2021-12-12
C00715,Mia Smith,Female,51,AZ,West,Individual,2022-10-19
C00716,Harper Lopez,Other,34,AZ,West,Small Business,2023-08-27
C00717,Olivia Miller,Female,75,IL,Midwest,Small Business,2023-01-11
C00718,Mateo Williams,Other,36,OH,Midwest,Individual,2023-07-19
C00719,Emma Miller,Other,27,PA,Northeast,Enterprise,2022-07-23
C00720,Elijah Lopez,Male,25,NY,Northeast,Enterprise,2021-05-20
C00721,Noah Gonzalez,Other,31,OH,Midwest,Enterprise,2024-07-06
C00722,Leo Williams,Female,67,FL,South,Individual,2024-03-26
C00723,Lucas Miller,Male,29,NY,Northeast,Individual,2024-05-07
C00724,Noah Rodriguez,Other,54,FL,South,Individual,2023-10-11
C00725,Sophia Hernandez,Male,67,PA,Northeast,Enterprise,2022-03-14
C00726,James Hernandez,Female,63,NC,South,Enterprise,2021-06-28
C00727,Oliver Brown,Male,29,OH,Midwest,Small Business,2025-02-19
C00728,Levi Hernandez,Female,69,NC,South,Small Business,2023-10-11
C00729,Emma Jones,Male,25,AZ,West,Family,2022-07-30
C00730,Noah Davis,Male,22,PA,Northeast,Family,2024-10-22
C00731,Elijah Smith,Other,72,GA,South,Individual,2023-04-25
C00732,Oliver Brown,Male,56,NY,Northeast,Enterprise,2025-04-13
C00733,Amelia Hernandez,Male,61,NC,South,Individual,2023-10-20
C00734,Amelia Hernandez,Female,21,NC,South,Enterprise,2023-11-19
C00735,Ethan Brown,Male,54,PA,Northeast,Small Business,2021-07-22
C00736,Noah Miller,Other,26,TX,South,Individual,2025-03-10
C00737,Emma Johnson,Female,26,AZ,West,Small Business,2021-07-06
C00738,Elijah Garcia,Female,55,GA,South,Enterprise,2024-01-30
C00739,Luna Rodriguez,Male,40,GA,South,Individual,2025-01-26
C00740,Mia Gonzalez,Other,31,CA,West,Small Business,2023-07-29
C00741,Sophia Miller,Other,37,AZ,West,Family,2024-02-26
C00742,Ava Rodriguez,Male,62,AZ,West,Enterprise,2022-12-15
C00743,Liam Wilson,Female,56,CA,West,Family,2021-03-27
C00744,Elijah Hernandez,Female,48,TX,South,Small Business,2023-07-20
C00745,Emma Garcia,Other,78,AZ,West,Small Business,2021-05-04
C00746,James Hernandez,Female,37,IL,Midwest,Family,2021-11-23
C00747,Isabella Lopez,Female,72,NY,Northeast,Enterprise,2024-10-07
C00748,Levi Brown,Male,67,PA,Northeast,Family,2023-07-04
C00749,Elijah Johnson,Other,38,NC,South,Enterprise,2024-04-05
C00750,Olivia Gonzalez,Other,32,FL,South,Small Business,2023-06-30
C00751,James Garcia,Female,70,NC,South,Small Business,2021-06-08
C00752,James Smith,Other,29,NY,Northeast,Small Business,2024-12-28
C00753,Noah Brown,Female,72,AZ,West,Family,2022-09-17
C00754,Emma Williams,Male,38,FL,South,Enterprise,2023-12-28
C00755,Ethan Williams,Male,56,TX,South,Family,2023-07-02
C00756,Emma Brown,Male,41,PA,Northeast,Individual,2024-03-13
C00757,Elijah Martinez,Other,69,PA,Northeast,Family,2021-12-21
C00758,Levi Gonzalez,Other,74,OH,Midwest,Family,2024-02-02
C00759,Sophia Jones,Other,29,CA,West,Individual,2021-01-13
C00760,Isabella Rodriguez,Other,60,AZ,West,Enterprise,2023-05-08
C00761,Ava Williams,Other,74,AZ,West,Family,2021-03-03
C00762,Oliver Brown,Female,62,GA,South,Individual,2022-11-18
C00763,Noah Smith,Male,40,OH,Midwest,Small Business,2021-06-28
C00764,Emma Hernandez,Female,27,NC,South,Family,2022-03-14
C00765,Isabella Johnson,Male,22,NC,South,Enterprise,2024-01-29
C00766,Amelia Williams,Other,46,NY,Northeast,Family,2021-08-18
C00767,Mia Garcia,Male,27,AZ,West,Small Business,2024-01-24
C00768,Liam Davis,Female,28,FL,South,Individual,2022-01-28
C00769,Amelia Wilson,Male,26,NY,Northeast,Small Business,2021-07-08
C00770,Ava Hernandez,Male,72,GA,South,Enterprise,2021-10-23
C00771,Mia Hernandez,Other,58,AZ,West,Enterprise,2022-04-09
C00772,Oliver Wilson,Male,44,FL,South,Small Business,2021-12-22
C00773,Emma Lopez,Female,46,FL,South,Enterprise,2021-08-16
C00774,Oliver Johnson,Female,36,IL,Midwest,Enterprise,2021-01-15
C00775,Ethan Williams,Male,51,GA,South,Small Business,2021-09-15
C00776,Evelyn Martinez,Female,74,FL,South,Family,2024-12-16
C00777,Sophia Johnson,Male,55,NY,Northeast,Family,2023-12-28
C00778,Elijah Smith,Female,56,AZ,West,Individual,2021-12-07
C00779,Liam Wilson,Male,65,FL,South,Individual,2022-06-09
C00780,Emma Smith,Other,61,FL,South,Small Business,2022-01-27
C00781,Olivia Jones,Other,35,AZ,West,Individual,2021-08-26
C00782,Ethan Jones,Female,38,NY,Northeast,Family,2024-09-19
C00783,Leo Lopez,Other,37,NY,Northeast,Enterprise,2021-06-15
C00784,Sophia Anderson,Other,55,FL,South,Small Business,2022-10-04
C00785,Noah Garcia,Female,71,NC,South,Small Business,2023-10-24
C00786,Levi Brown,Other,78,GA,South,Small Business,2023-03-09
C00787,Olivia Martinez,Male,47,PA,Northeast,Family,2021-11-19
C00788,Ethan Martinez,Female,31,PA,Northeast,Small Business,2023-12-14
C00789,Luna Martinez,Male,68,IL,Midwest,Small Business,2022-01-02
C00790,Amelia Martinez,Female,77,NY,Northeast,Enterprise,2021-04-20
C00791,Olivia Brown,Male,63,PA,Northeast,Enterprise,2022-08-10
C00792,Sophia Rodriguez,Other,39,FL,South,Small Business,2021-07-25
C00793,Mateo Davis,Male,55,OH,Midwest,Individual,2022-05-08
C00794,Ethan Lopez,Female,35,PA,Northeast,Enterprise,2022-11-27
C00795,Emma Hernandez,Female,21,FL,South,Family,2023-07-10
C00796,Elijah Miller,Male,71,NC,South,Individual,2025-01-09
C00797,Leo Anderson,Male,71,TX,South,Individual,2021-04-20
C00798,Amelia Smith,Female,56,GA,South,Small Business,2024-06-14
C00799,Noah Rodriguez,Male,39,TX,South,Individual,2024-03-12
C00800,James Hernandez,Female,41,IL,Midwest,Small Business,2022-12-10
C00801,Isabella Anderson,Other,65,PA,Northeast,Small Business,2022-07-11
C00802,Ava Smith,Female,68,TX,South,Enterprise,2023-04-02
C00803,Mateo Miller,Other,78,IL,Midwest,Individual,2024-04-18
C00804,Olivia Garcia,Male,44,CA,West,Small Business,2023-10-04
C00805,Liam Miller,Other,58,FL,South,Individual,2022-05-25
C00806,Emma Anderson,Male,21,TX,South,Small Business,2024-05-13
C00807,Lucas Jones,Female,40,TX,South,Small Business,2022-10-06
C00808,Mateo Smith,Male,32,GA,South,Family,2022-10-07
C00809,Emma Anderson,Other,40,GA,South,Family,2022-12-04
C00810,Sophia Smith,Other,57,GA,South,Enterprise,2023-03-17
C00811,Emma Gonzalez,Female,33,CA,West,Individual,2024-05-07
C00812,Olivia Lopez,Male,22,AZ,West,Enterprise,2021-11-23
C00813,Mia Wilson,Other,41,FL,South,Individual,2023-08-17
C00814,Luna Martinez,Female,40,FL,South,Family,2025-02-05
C00815,Mia Miller,Female,73,FL,South,Individual,2025-03-30
C00816,James Gonzalez,Other,26,CA,West,Family,2023-06-11
C00817,Luna Martinez,Male,65,NC,South,Family,2021-04-28
C00818,Noah Davis,Female,31,IL,Midwest,Enterprise,2025-02-11
C00819,Luna Gonzalez,Other,37,OH,Midwest,Individual,2023-09-13
C00820,Isabella Anderson,Male,48,OH,Midwest,Small Business,2024-05-11
C00821,Olivia Garcia,Other,66,FL,South,Small Business,2021-10-10
C00822,Emma Lopez,Male,78,NY,Northeast,Small Business,2024-11-30
C00823,Isabella Wilson,Other,39,PA,Northeast,Family,2024-01-06
C00824,Isabella Hernandez,Male,53,OH,Midwest,Small Business,2021-06-07
C00825,Oliver Wilson,Other,44,CA,West,Family,2024-02-04
C00826,Luna Davis,Male,53,NC,South,Enterprise,2021-11-01
C00827,Liam Martinez,Female,48,AZ,West,Enterprise,2024-08-10
C00828,Luna Williams,Female,24,AZ,West,Enterprise,2022-12-04
C00829,Sophia Garcia,Male,49,CA,West,Individual,2024-07-06
C00830,Amelia Brown,Male,58,OH,Midwest,Enterprise,2021-09-23
C00831,Mia Williams,Other,25,OH,Midwest,Family,2025-05-13
C00832,Ethan Anderson,Other,66,GA,South,Family,2023-04-09
C00833,Amelia Smith,Other,78,TX,South,Small Business,2021-02-26
C00834,Evelyn Anderson,Other,49,CA,West,Individual,2021-12-01
C00835,Ethan Brown,Male,64,FL,South,Individual,2025-01-15
C00836,Elijah Anderson,Other,29,OH,Midwest,Small Business,2022-02-12
C00837,Oliver Gonzalez,Other,66,NY,Northeast,Individual,2023-06-26
C00838,Ethan Davis,Male,38,NC,South,Family,2021-02-07
C00839,Evelyn Rodriguez,Female,22,IL,Midwest,Family,2021-03-04
C00840,Oliver Johnson,Female,49,OH,Midwest,Family,2021-07-19
C00841,Isabella Lopez,Female,69,NY,Northeast,Small Business,2022-11-24
C00842,Harper Davis,Female,35,IL,Midwest,Enterprise,2025-01-02
C00843,Oliver Rodriguez,Male,53,CA,West,Family,2024-09-18
C00844,Olivia Lopez,Male,52,TX,South,Small Business,2021-06-02
C00845,Lucas Miller,Other,33,NC,South,Small Business,2022-02-28
C00846,Elijah Davis,Female,66,GA,South,Family,2021-12-11
C00847,Mia Lopez,Female,27,FL,South,Family,2021-07-05
C00848,Leo Jones,Female,78,IL,Midwest,Small Business,2024-04-07
C00849,Harper Anderson,Female,27,AZ,West,Enterprise,2024-09-30
C00850,Emma Jones,Other,43,CA,West,Small Business,2021-12-09
C00851,Liam Gonzalez,Female,61,TX,South,Family,2024-05-05
C00852,Ethan Lopez,Male,63,CA,West,Small Business,2023-09-26
C00853,Leo Gonzalez,Other,59,TX,South,Family,2022-06-10
C00854,Levi Gonzalez,Other,40,OH,Midwest,Family,2024-09-06
C00855,Luna Williams,Other,44,PA,Northeast,Family,2021-06-13
C00856,Liam Hernandez,Female,61,GA,South,Enterprise,2024-04-08
C00857,James Johnson,Male,58,FL,South,Individual,2023-08-21
C00858,Levi Garcia,Other,78,OH,Midwest,Individual,2024-07-27
C00859,Elijah Garcia,Female,75,NY,Northeast,Enterprise,2025-01-27
C00860,Leo Brown,Male,40,PA,Northeast,Family,2024-03-27
C00861,Elijah Martinez,Male,29,AZ,West,Small Business,2023-08-14
C00862,Mateo Davis,Other,35,PA,Northeast,Small Business,2023-12-21
C00863,Ethan Lopez,Male,54,NY,Northeast,Individual,2022-03-24
C00864,Sophia Williams,Male,31,TX,South,Small Business,2024-03-26
C00865,Oliver Garcia,Female,30,PA,Northeast,Individual,2021-11-03
C00866,Isabella Williams,Female,23,PA,Northeast,Small Business,2024-11-13
C00867,Ava Brown,Male,36,GA,South,Individual,2023-11-13
C00868,Levi Gonzalez,Male,47,AZ,West,Enterprise,2023-09-20
C00869,Sophia Lopez,Female,48,CA,West,Small Business,2024-05-20
C00870,Amelia Johnson,Male,28,NC,South,Individual,2023-10-18
C00871,Elijah Miller,Other,60,NC,South,Enterprise,2022-09-26
C00872,Ava Wilson,Male,30,AZ,West,Small Business,2025-05-27
C00873,Lucas Anderson,Female,52,TX,South,Individual,2022-07-04
C00874,Ava Anderson,Female,36,PA,Northeast,Enterprise,2022-10-13
C00875,Mateo Hernandez,Female,71,CA,West,Family,2022-11-16
C00876,Elijah Anderson,Other,21,NY,Northeast,Small Business,2022-01-24
C00877,Ava Johnson,Other,54,AZ,West,Family,2021-02-07
C00878,Levi Smith,Male,25,PA,Northeast,Individual,2025-04-26
C00879,Evelyn Miller,Male,73,NY,Northeast,Family,2023-12-27
C00880,Levi Anderson,Other,46,FL,South,Individual,2023-12-04
C00881,Evelyn Rodriguez,Male,30,GA,South,Individual,2023-07-16
C00882,Liam Hernandez,Male,62,OH,Midwest,Enterprise,2024-09-05
C00883,Levi Davis,Other,36,FL,South,Enterprise,2023-09-16
C00884,Oliver Gonzalez,Female,31,PA,Northeast,Small Business,2025-04-01
C00885,Mia Wilson,Male,29,PA,Northeast,Small Business,2022-08-22
C00886,Elijah Smith,Female,30,AZ,West,Small Business,2022-07-08
C00887,Harper Rodriguez,Other,33,PA,Northeast,Individual,2021-12-31
C00888,Emma Anderson,Female,76,GA,South,Individual,2023-06-16
C00889,Evelyn Brown,Female,40,NY,Northeast,Individual,2025-06-08
C00890,Olivia Hernandez,Male,42,IL,Midwest,Small Business,2023-06-26
C00891,Sophia Wilson,Other,35,IL,Midwest,Enterprise,2025-03-23
C00892,Sophia Jones,Male,75,NC,South,Individual,2022-09-12
C00893,Isabella Miller,Female,21,TX,South,Enterprise,2022-10-16
C00894,Mia Williams,Female,72,NY,Northeast,Enterprise,2025-01-08
C00895,Levi Martinez,Male,68,OH,Midwest,Enterprise,2022-02-22
C00896,Mia Miller,Female,43,CA,West,Small Business,2023-05-12
C00897,Emma Gonzalez,Other,39,GA,South,Small Business,2023-06-21
C00898,Oliver Hernandez,Other,64,NC,South,Individual,2022-05-22
C00899,Ethan Davis,Other,30,OH,Midwest,Individual,2023-01-01
C00900,Lucas Jones,Other,41,AZ,West,Enterprise,2023-10-05
C00901,Elijah Hernandez,Other,22,IL,Midwest,Individual,2022-09-16
C00902,Ava Gonzalez,Female,75,NC,South,Individual,2023-01-12
C00903,Olivia Gonzalez,Other,65,IL,Midwest,Family,2021-04-24
C00904,Ethan Davis,Male,55,GA,South,Individual,2022-08-29
C00905,Emma Williams,Other,33,NY,Northeast,Enterprise,2023-09-07
C00906,Harper Anderson,Female,50,CA,West,Individual,2024-02-09
C00907,Mateo Smith,Female,27,NY,Northeast,Small Business,2024-01-10
C00908,Olivia Johnson,Female,39,PA,Northeast,Family,2024-07-04
C00909,Harper Gonzalez,Male,70,IL,Midwest,Family,2021-04-27
C00910,Levi Rodriguez,Male,72,NY,Northeast,Small Business,2021-02-05
C00911,Liam Miller,Male,56,CA,West,Small Business,2022-09-09
C00912,Levi Smith,Female,65,NY,Northeast,Enterprise,2021-12-27
C00913,Mia Hernandez,Female,34,PA,Northeast,Small Business,2021-05-28
C00914,Ethan Smith,Female,36,IL,Midwest,Enterprise,2024-01-26
C00915,Mateo Hernandez,Female,70,OH,Midwest,Small Business,2023-11-21
C00916,Isabella Anderson,Female,60,NY,Northeast,Small Business,2024-01-13
C00917,Evelyn Martinez,Female,45,AZ,West,Family,2021-09-22
C00918,Liam Hernandez,Other,39,AZ,West,Enterprise,2024-09-27
C00919,Evelyn Smith,Male,36,CA,West,Individual,2024-10-25
C00920,Noah Rodriguez,Female,39,OH,Midwest,Individual,2024-03-21
C00921,Amelia Lopez,Male,71,IL,Midwest,Small Business,2025-02-04
C00922,Isabella Smith,Male,43,IL,Midwest,Small Business,2023-02-02
C00923,Ava Hernandez,Female,62,NY,Northeast,Small Business,2021-08-18
C00924,Evelyn Gonzalez,Male,72,NY,Northeast,Individual,2021-09-04
C00925,Evelyn Anderson,Female,74,OH,Midwest,Individual,2024-05-23
C00926,Oliver Lopez,Male,51,CA,West,Small Business,2023-04-22
C00927,Sophia Miller,Male,31,CA,West,Enterprise,2022-03-14
C00928,Sophia Jones,Other,73,GA,South,Individual,2022-12-02
C00929,Leo Wilson,Male,74,NC,South,Individual,2024-11-21
C00930,Ethan Garcia,Other,50,FL,South,Family,2024-01-24
C00931,Emma Johnson,Other,75,NY,Northeast,Individual,2025-03-30
C00932,Harper Lopez,Male,47,NC,South,Family,2025-02-03
C00933,Noah Gonzalez,Female,55,IL,Midwest,Enterprise,2024-08-28
C00934,Mia Wilson,Male,41,CA,West,Small Business,2022-12-02
C00935,Ethan Smith,Female,46,IL,Midwest,Small Business,2021-02-12
C00936,Mateo Wilson,Male,52,TX,South,Small Business,2022-09-08
C00937,Elijah Brown,Male,27,NC,South,Small Business,2024-12-09
C00938,Liam Williams,Male,31,IL,Midwest,Small Business,2023-12-23
C00939,Mia Anderson,Male,75,GA,South,Enterprise,2024-02-27
C00940,Noah Garcia,Female,29,FL,South,Individual,2024-10-14
C00941,Levi Gonzalez,Other,63,NY,Northeast,Enterprise,2022-10-14
C00942,Emma Davis,Male,36,CA,West,Family,2021-06-29
C00943,Noah Hernandez,Other,76,IL,Midwest,Small Business,2025-02-03
C00944,Mia Martinez,Female,24,TX,South,Enterprise,2021-06-07
C00945,Isabella Martinez,Other,24,IL,Midwest,Enterprise,2024-01-16
C00946,Ava Martinez,Male,60,NY,Northeast,Individual,2021-12-28
C00947,Mia Williams,Other,31,GA,South,Enterprise,2021-09-13
C00948,Luna Williams,Male,65,NY,Northeast,Individual,2024-11-08
C00949,Sophia Martinez,Other,57,PA,Northeast,Family,2022-07-25
C00950,Oliver Wilson,Other,72,TX,South,Small Business,2021-04-10
C00951,Luna Martinez,Other,39,TX,South,Individual,2022-05-28
C00952,Lucas Miller,Female,23,NY,Northeast,Enterprise,2021-07-16
C00953,Harper Brown,Female,59,NY,Northeast,Individual,2022-12-01
C00954,Ethan Garcia,Female,30,TX,South,Family,2022-08-28
C00955,Elijah Brown,Female,61,PA,Northeast,Family,2023-07-02
C00956,Ethan Williams,Male,64,FL,South,Family,2024-06-25
C00957,Mia Smith,Other,52,FL,South,Small Business,2022-09-05
C00958,Levi Johnson,Other,69,FL,South,Individual,2023-01-22
C00959,Emma Jones,Female,64,IL,Midwest,Family,2021-01-20
C00960,Harper Davis,Male,33,CA,West,Enterprise,2023-09-26
C00961,Oliver Jones,Female,42,TX,South,Small Business,2022-12-24
C00962,Oliver Jones,Female,75,OH,Midwest,Family,2024-10-11
C00963,Lucas Davis,Female,51,CA,West,Small Business,2023-03-31
C00964,James Hernandez,Other,62,AZ,West,Family,2023-08-30
C00965,Mateo Gonzalez,Female,27,CA,West,Enterprise,2021-08-11
C00966,Emma Lopez,Other,77,TX,South,Individual,2022-04-07
C00967,Elijah Smith,Other,58,TX,South,Family,2024-02-21
C00968,Harper Gonzalez,Male,34,FL,South,Small Business,2024-03-31
C00969,Mateo Martinez,Other,50,NC,South,Small Business,2022-11-22
C00970,James Hernandez,Other,31,FL,South,Individual,2024-04-07
C00971,James Brown,Other,25,NC,South,Individual,2022-11-19
C00972,Olivia Martinez,Female,21,AZ,West,Enterprise,2024-02-09
C00973,Evelyn Johnson,Female,29,NY,Northeast,Individual,2024-10-26
C00974,Leo Davis,Male,58,GA,South,Enterprise,2023-09-16
C00975,Amelia Johnson,Other,25,PA,Northeast,Enterprise,2024-04-05
C00976,Olivia Martinez,Male,78,IL,Midwest,Family,2023-12-20
C00977,Mateo Johnson,Male,58,TX,South,Enterprise,2025-03-13
C00978,Luna Johnson,Other,48,CA,West,Family,2022-03-25
C00979,Sophia Martinez,Male,46,NC,South,Enterprise,2024-02-05
C00980,Lucas Anderson,Other,25,AZ,West,Small Business,2022-02-02
C00981,Levi Smith,Other,36,NY,Northeast,Individual,2022-06-28
C00982,Luna Rodriguez,Female,24,NC,South,Enterprise,2022-01-10
C00983,Oliver Miller,Female,38,GA,South,Enterprise,2024-09-13
C00984,Leo Martinez,Female,52,FL,South,Individual,2021-01-03
C00985,Sophia Smith,Other,31,IL,Midwest,Small Business,2021-08-04
C00986,Amelia Lopez,Male,76,NC,South,Family,2022-10-08
C00987,Harper Davis,Female,51,PA,Northeast,Enterprise,2023-12-21
C00988,Levi Wilson,Female,66,FL,South,Family,2025-01-10
C00989,Evelyn Anderson,Other,33,GA,South,Small Business,2021-06-27
C00990,Liam Wilson,Female,53,NY,Northeast,Enterprise,2023-05-03
C00991,Harper Jones,Male,76,AZ,West,Family,2024-06-30
C00992,Ethan Brown,Other,42,GA,South,Individual,2024-08-04
C00993,Elijah Smith,Other,37,IL,Midwest,Individual,2021-08-01
C00994,James Johnson,Female,68,OH,Midwest,Enterprise,2023-12-03
C00995,Amelia Martinez,Female,37,FL,South,Individual,2021-03-31
C00996,James Garcia,Other,47,AZ,West,Enterprise,2021-10-28
C00997,Ethan Jones,Other,41,AZ,West,Individual,2024-05-17
C00998,Oliver Miller,Male,32,TX,South,Enterprise,2022-07-29
C00999,James Jones,Male,22,PA,Northeast,Small Business,2023-05-27
C01000,Sophia Brown,Male,34,NC,South,Enterprise,2023-04-27
